,Entity,Time,key,BestEfficiencyFlowRate_operatingRange,BestEfficiencyInsituFlowRate_operatingRange,DifferentialPressure_pumpCurve,ESPCurrent_IPR_VLP,ESPPower_IPR_VLP,Efficiency_pumpCurve,FlowRate_pumpCurve,GasRate_IPR_VLP,Head_pumpCurve,HorsePower_pumpCurve,InflowPressure_IPR_VLP,InsituFlowRate_pumpCurve,InsituVaporLiquidRatio_lowerGasiness,InsituVaporLiquidRatio_pumpIntakeGassiness,InsituVaporLiquidRatio_upperGasiness,MaximumFlowRate_operatingRange,MaximumInsituFlowRate_operatingRange,MinimumFlowRate_operatingRange,MinimumInsituFlowRate_operatingRange,OilRate_IPR_VLP,OutflowPressure_IPR_VLP,PumpIntakePressure_lowerGasiness,PumpIntakePressure_pumpIntakeGassiness,PumpIntakePressure_upperGasiness,Rate_IPR_VLP,DifferentialPressure_WellCurve,FlowRate_WellCurve,Head_WellCurve,InsituFlowRate_WellCurve
0,51916_37319_2312BJ_3,,39,,,,,,,,,,,,,0.0,,,,,,,,,202.66666666666666,,,,,,,
1,51916_37319_2312BJ_3,,40,,,,,,,,,,,,,0.0,,,,,,,,,208.0,,,,,,,
2,51916_37319_2312BJ_3,,41,,,,,,,,,,,,,0.0,,,,,,,,,213.33333333333334,,,,,,,
3,51916_37319_2312BJ_3,,42,,,,,,,,,,,,,0.0,,,,,,,,,218.66666666666666,,,,,,,
4,51916_37319_2312BJ_3,,43,,,,,,,,,,,,,0.0,,,,,,,,,223.66666666666666,,,,,,,
5,51916_37319_2312BJ_3,,44,,,,,,,,,,,,,0.0,,,,,,,,,229.0,,,,,,,
6,51916_37319_2312BJ_3,,45,,,,,,,,,,,,,0.0,,,,,,,,,234.0,,,,,,,
7,51916_37319_2312BJ_3,,46,,,,,,,,,,,,,0.0,,,,,,,,,239.0,,,,,,,
8,51916_37319_2312BJ_3,,47,,,,,,,,,,,,,0.0,,,,,,,,,243.66666666666666,,,,,,,
9,51916_37319_2312BJ_3,,48,,,,,,,,,,,,,0.0,,,,,,,,,248.66666666666666,,,,,,,
10,51916_37319_2312BJ_3,,49,,,,,,,,,,,,,0.0,,,,,,,,,253.33333333333334,,,,,,,
11,51916_37319_2312BJ_3,,50,,,,,,,,,,,,,0.0,,,,,,,,,258.3333333333333,,,,,,,
12,51916_37319_2312BJ_3,,51,,,,,,,,,,,,,0.0,,,,,,,,,263.0,,,,,,,
13,51916_37319_2312BJ_3,,52,,,,,,,,,,,,,0.0,,,,,,,,,267.6666666666667,,,,,,,
14,51916_37319_2312BJ_3,,53,,,,,,,,,,,,,0.0,,,,,,,,,272.0,,,,,,,
15,51916_37319_2312BJ_3,,54,,,,,,,,,,,,,0.0,,,,,,,,,276.6666666666667,,,,,,,
16,51916_37319_2312BJ_3,,55,,,,,,,,,,,,,0.0,,,,,,,,,281.3333333333333,,,,,,,
17,51916_37319_2312BJ_3,,56,,,,,,,,,,,,,0.0,,,,,,,,,285.6666666666667,,,,,,,
18,51916_37319_2312BJ_3,,57,,,,,,,,,,,,,0.0,,,,,,,,,290.0,,,,,,,
19,51916_37319_2312BJ_3,,58,,,,,,,,,,,,,0.0,,,,,,,,,294.3333333333333,,,,,,,
20,51916_37319_2312BJ_3,,59,,,,,,,,,,,,,0.0,,,,,,,,,299.0,,,,,,,
21,51916_37319_2312BJ_3,,60,,,,,,,,,,,,,0.3333333333333333,,,,,,,,,303.0,,,,,,,
22,51916_37319_2312CA_3,,39,,,,,,,,,,,,,0.0,,,,,,,,,202.66666666666666,,,,,,,
23,51916_37319_2312CA_3,,40,,,,,,,,,,,,,0.0,,,,,,,,,208.0,,,,,,,
24,51916_37319_2312CA_3,,41,,,,,,,,,,,,,0.0,,,,,,,,,213.33333333333334,,,,,,,
25,51916_37319_2312CA_3,,42,,,,,,,,,,,,,0.0,,,,,,,,,218.66666666666666,,,,,,,
26,51916_37319_2312CA_3,,43,,,,,,,,,,,,,0.0,,,,,,,,,223.66666666666666,,,,,,,
27,51916_37319_2312CA_3,,44,,,,,,,,,,,,,0.0,,,,,,,,,229.0,,,,,,,
28,51916_37319_2312CA_3,,45,,,,,,,,,,,,,0.0,,,,,,,,,234.0,,,,,,,
29,51916_37319_2312CA_3,,46,,,,,,,,,,,,,0.0,,,,,,,,,239.0,,,,,,,
30,51916_37319_2312CA_3,,47,,,,,,,,,,,,,0.0,,,,,,,,,243.66666666666666,,,,,,,
31,51916_37319_2312CA_3,,48,,,,,,,,,,,,,0.0,,,,,,,,,248.66666666666666,,,,,,,
32,51916_37319_2312CA_3,,49,,,,,,,,,,,,,0.0,,,,,,,,,253.33333333333334,,,,,,,
33,51916_37319_2312CA_3,,50,,,,,,,,,,,,,0.0,,,,,,,,,258.3333333333333,,,,,,,
34,51916_37319_2312CA_3,,51,,,,,,,,,,,,,0.0,,,,,,,,,263.0,,,,,,,
35,51916_37319_2312CA_3,,52,,,,,,,,,,,,,0.0,,,,,,,,,267.6666666666667,,,,,,,
36,51916_37319_2312CA_3,,53,,,,,,,,,,,,,0.0,,,,,,,,,272.0,,,,,,,
37,51916_37319_2312CA_3,,54,,,,,,,,,,,,,0.0,,,,,,,,,276.6666666666667,,,,,,,
38,51916_37319_2312CA_3,,55,,,,,,,,,,,,,0.0,,,,,,,,,281.3333333333333,,,,,,,
39,51916_37319_2312CA_3,,56,,,,,,,,,,,,,0.0,,,,,,,,,285.6666666666667,,,,,,,
40,51916_37319_2312CA_3,,57,,,,,,,,,,,,,0.0,,,,,,,,,290.0,,,,,,,
41,51916_37319_2312CA_3,,58,,,,,,,,,,,,,0.0,,,,,,,,,294.3333333333333,,,,,,,
42,51916_37319_2312CA_3,,59,,,,,,,,,,,,,0.0,,,,,,,,,299.0,,,,,,,
43,51916_37319_2312CA_3,,60,,,,,,,,,,,,,0.3333333333333333,,,,,,,,,303.0,,,,,,,
44,51916_37319_2312CB_3,,39,,,,,,,,,,,,,0.0,,,,,,,,,202.66666666666666,,,,,,,
45,51916_37319_2312CB_3,,40,,,,,,,,,,,,,0.0,,,,,,,,,208.0,,,,,,,
46,51916_37319_2312CB_3,,41,,,,,,,,,,,,,0.0,,,,,,,,,213.33333333333334,,,,,,,
47,51916_37319_2312CB_3,,42,,,,,,,,,,,,,0.0,,,,,,,,,218.66666666666666,,,,,,,
48,51916_37319_2312CB_3,,43,,,,,,,,,,,,,0.0,,,,,,,,,223.66666666666666,,,,,,,
49,51916_37319_2312CB_3,,44,,,,,,,,,,,,,0.0,,,,,,,,,229.0,,,,,,,
50,51916_37319_2312CB_3,,45,,,,,,,,,,,,,0.0,,,,,,,,,234.0,,,,,,,
51,51916_37319_2312CB_3,,46,,,,,,,,,,,,,0.0,,,,,,,,,239.0,,,,,,,
52,51916_37319_2312CB_3,,47,,,,,,,,,,,,,0.0,,,,,,,,,243.66666666666666,,,,,,,
53,51916_37319_2312CB_3,,48,,,,,,,,,,,,,0.0,,,,,,,,,248.66666666666666,,,,,,,
54,51916_37319_2312CB_3,,49,,,,,,,,,,,,,0.0,,,,,,,,,253.33333333333334,,,,,,,
55,51916_37319_2312CB_3,,50,,,,,,,,,,,,,0.0,,,,,,,,,258.3333333333333,,,,,,,
56,51916_37319_2312CB_3,,51,,,,,,,,,,,,,0.0,,,,,,,,,263.0,,,,,,,
57,51916_37319_2312CB_3,,52,,,,,,,,,,,,,0.0,,,,,,,,,267.6666666666667,,,,,,,
58,51916_37319_2312CB_3,,53,,,,,,,,,,,,,0.0,,,,,,,,,272.0,,,,,,,
59,51916_37319_2312CB_3,,54,,,,,,,,,,,,,0.0,,,,,,,,,276.6666666666667,,,,,,,
60,51916_37319_2312CB_3,,55,,,,,,,,,,,,,0.0,,,,,,,,,281.3333333333333,,,,,,,
61,51916_37319_2312CB_3,,56,,,,,,,,,,,,,0.0,,,,,,,,,285.6666666666667,,,,,,,
62,51916_37319_2312CB_3,,57,,,,,,,,,,,,,0.0,,,,,,,,,290.0,,,,,,,
63,51916_37319_2312CB_3,,58,,,,,,,,,,,,,0.0,,,,,,,,,294.3333333333333,,,,,,,
64,51916_37319_2312CB_3,,59,,,,,,,,,,,,,0.0,,,,,,,,,299.0,,,,,,,
65,51916_37319_2312CB_3,,60,,,,,,,,,,,,,0.3333333333333333,,,,,,,,,303.0,,,,,,,
66,51916_37319_2312CC_3,,39,,,,,,,,,,,,,0.0,,,,,,,,,202.66666666666666,,,,,,,
67,51916_37319_2312CC_3,,40,,,,,,,,,,,,,0.0,,,,,,,,,208.0,,,,,,,
68,51916_37319_2312CC_3,,41,,,,,,,,,,,,,0.0,,,,,,,,,213.33333333333334,,,,,,,
69,51916_37319_2312CC_3,,42,,,,,,,,,,,,,0.0,,,,,,,,,218.66666666666666,,,,,,,
70,51916_37319_2312CC_3,,43,,,,,,,,,,,,,0.0,,,,,,,,,223.66666666666666,,,,,,,
71,51916_37319_2312CC_3,,44,,,,,,,,,,,,,0.0,,,,,,,,,229.0,,,,,,,
72,51916_37319_2312CC_3,,45,,,,,,,,,,,,,0.0,,,,,,,,,234.0,,,,,,,
73,51916_37319_2312CC_3,,46,,,,,,,,,,,,,0.0,,,,,,,,,239.0,,,,,,,
74,51916_37319_2312CC_3,,47,,,,,,,,,,,,,0.0,,,,,,,,,243.66666666666666,,,,,,,
75,51916_37319_2312CC_3,,48,,,,,,,,,,,,,0.0,,,,,,,,,248.66666666666666,,,,,,,
76,51916_37319_2312CC_3,,49,,,,,,,,,,,,,0.0,,,,,,,,,253.33333333333334,,,,,,,
77,51916_37319_2312CC_3,,50,,,,,,,,,,,,,0.0,,,,,,,,,258.3333333333333,,,,,,,
78,51916_37319_2312CC_3,,51,,,,,,,,,,,,,0.0,,,,,,,,,263.0,,,,,,,
79,51916_37319_2312CC_3,,52,,,,,,,,,,,,,0.0,,,,,,,,,267.6666666666667,,,,,,,
80,51916_37319_2312CC_3,,53,,,,,,,,,,,,,0.0,,,,,,,,,272.0,,,,,,,
81,51916_37319_2312CC_3,,54,,,,,,,,,,,,,0.0,,,,,,,,,276.6666666666667,,,,,,,
82,51916_37319_2312CC_3,,55,,,,,,,,,,,,,0.0,,,,,,,,,281.3333333333333,,,,,,,
83,51916_37319_2312CC_3,,56,,,,,,,,,,,,,0.0,,,,,,,,,285.6666666666667,,,,,,,
84,51916_37319_2312CC_3,,57,,,,,,,,,,,,,0.0,,,,,,,,,290.0,,,,,,,
85,51916_37319_2312CC_3,,58,,,,,,,,,,,,,0.0,,,,,,,,,294.3333333333333,,,,,,,
86,51916_37319_2312CC_3,,59,,,,,,,,,,,,,0.0,,,,,,,,,299.0,,,,,,,
87,51916_37319_2312CC_3,,60,,,,,,,,,,,,,0.3333333333333333,,,,,,,,,303.0,,,,,,,
88,51916_37319_2312CD_3,,39,,,,,,,,,,,,,0.0,,,,,,,,,202.66666666666666,,,,,,,
89,51916_37319_2312CD_3,,40,,,,,,,,,,,,,0.0,,,,,,,,,208.0,,,,,,,
90,51916_37319_2312CD_3,,41,,,,,,,,,,,,,0.0,,,,,,,,,213.33333333333334,,,,,,,
91,51916_37319_2312CD_3,,42,,,,,,,,,,,,,0.0,,,,,,,,,218.66666666666666,,,,,,,
92,51916_37319_2312CD_3,,43,,,,,,,,,,,,,0.0,,,,,,,,,223.66666666666666,,,,,,,
93,51916_37319_2312CD_3,,44,,,,,,,,,,,,,0.0,,,,,,,,,229.0,,,,,,,
94,51916_37319_2312CD_3,,45,,,,,,,,,,,,,0.0,,,,,,,,,234.0,,,,,,,
95,51916_37319_2312CD_3,,46,,,,,,,,,,,,,0.0,,,,,,,,,239.0,,,,,,,
96,51916_37319_2312CD_3,,47,,,,,,,,,,,,,0.0,,,,,,,,,243.66666666666666,,,,,,,
97,51916_37319_2312CD_3,,48,,,,,,,,,,,,,0.0,,,,,,,,,248.66666666666666,,,,,,,
98,51916_37319_2312CD_3,,49,,,,,,,,,,,,,0.0,,,,,,,,,253.33333333333334,,,,,,,
99,51916_37319_2312CD_3,,50,,,,,,,,,,,,,0.0,,,,,,,,,258.3333333333333,,,,,,,
100,51916_37319_2312CD_3,,51,,,,,,,,,,,,,0.0,,,,,,,,,263.0,,,,,,,
101,51916_37319_2312CD_3,,52,,,,,,,,,,,,,0.0,,,,,,,,,267.6666666666667,,,,,,,
102,51916_37319_2312CD_3,,53,,,,,,,,,,,,,0.0,,,,,,,,,272.0,,,,,,,
103,51916_37319_2312CD_3,,54,,,,,,,,,,,,,0.0,,,,,,,,,276.6666666666667,,,,,,,
104,51916_37319_2312CD_3,,55,,,,,,,,,,,,,0.0,,,,,,,,,281.3333333333333,,,,,,,
105,51916_37319_2312CD_3,,56,,,,,,,,,,,,,0.0,,,,,,,,,285.6666666666667,,,,,,,
106,51916_37319_2312CD_3,,57,,,,,,,,,,,,,0.0,,,,,,,,,290.0,,,,,,,
107,51916_37319_2312CD_3,,58,,,,,,,,,,,,,0.0,,,,,,,,,294.3333333333333,,,,,,,
108,51916_37319_2312CD_3,,59,,,,,,,,,,,,,0.0,,,,,,,,,299.0,,,,,,,
109,51916_37319_2312CD_3,,60,,,,,,,,,,,,,0.3333333333333333,,,,,,,,,303.0,,,,,,,
110,51916_2361119_2312BE_3,,39,,,,,,,,,,,,,0.0,,,,,,,,,202.66666666666666,,,,,,,
111,51916_2361119_2312BE_3,,40,,,,,,,,,,,,,0.0,,,,,,,,,208.0,,,,,,,
112,51916_2361119_2312BE_3,,41,,,,,,,,,,,,,0.0,,,,,,,,,213.33333333333334,,,,,,,
113,51916_2361119_2312BE_3,,42,,,,,,,,,,,,,0.0,,,,,,,,,218.66666666666666,,,,,,,
114,51916_2361119_2312BE_3,,43,,,,,,,,,,,,,0.0,,,,,,,,,223.66666666666666,,,,,,,
115,51916_2361119_2312BE_3,,44,,,,,,,,,,,,,0.0,,,,,,,,,229.0,,,,,,,
116,51916_2361119_2312BE_3,,45,,,,,,,,,,,,,0.0,,,,,,,,,234.0,,,,,,,
117,51916_2361119_2312BE_3,,46,,,,,,,,,,,,,0.0,,,,,,,,,239.0,,,,,,,
118,51916_2361119_2312BE_3,,47,,,,,,,,,,,,,0.0,,,,,,,,,243.66666666666666,,,,,,,
119,51916_2361119_2312BE_3,,48,,,,,,,,,,,,,0.0,,,,,,,,,248.66666666666666,,,,,,,
120,51916_2361119_2312BE_3,,49,,,,,,,,,,,,,0.0,,,,,,,,,253.33333333333334,,,,,,,
121,51916_2361119_2312BE_3,,50,,,,,,,,,,,,,0.0,,,,,,,,,258.3333333333333,,,,,,,
122,51916_2361119_2312BE_3,,51,,,,,,,,,,,,,0.0,,,,,,,,,263.0,,,,,,,
123,51916_2361119_2312BE_3,,52,,,,,,,,,,,,,0.0,,,,,,,,,267.6666666666667,,,,,,,
124,51916_2361119_2312BE_3,,53,,,,,,,,,,,,,0.0,,,,,,,,,272.0,,,,,,,
125,51916_2361119_2312BE_3,,54,,,,,,,,,,,,,0.0,,,,,,,,,276.6666666666667,,,,,,,
126,51916_2361119_2312BE_3,,55,,,,,,,,,,,,,0.0,,,,,,,,,281.3333333333333,,,,,,,
127,51916_2361119_2312BE_3,,56,,,,,,,,,,,,,0.0,,,,,,,,,285.6666666666667,,,,,,,
128,51916_2361119_2312BE_3,,57,,,,,,,,,,,,,0.0,,,,,,,,,290.0,,,,,,,
129,51916_2361119_2312BE_3,,58,,,,,,,,,,,,,0.0,,,,,,,,,294.3333333333333,,,,,,,
130,51916_2361119_2312BE_3,,59,,,,,,,,,,,,,0.0,,,,,,,,,299.0,,,,,,,
131,51916_2361119_2312BE_3,,60,,,,,,,,,,,,,0.3333333333333333,,,,,,,,,303.0,,,,,,,
132,51916_2361119_2312BI_3,,39,,,,,,,,,,,,,0.0,,,,,,,,,202.66666666666666,,,,,,,
133,51916_2361119_2312BI_3,,40,,,,,,,,,,,,,0.0,,,,,,,,,208.0,,,,,,,
134,51916_2361119_2312BI_3,,41,,,,,,,,,,,,,0.0,,,,,,,,,213.33333333333334,,,,,,,
135,51916_2361119_2312BI_3,,42,,,,,,,,,,,,,0.0,,,,,,,,,218.66666666666666,,,,,,,
136,51916_2361119_2312BI_3,,43,,,,,,,,,,,,,0.0,,,,,,,,,223.66666666666666,,,,,,,
137,51916_2361119_2312BI_3,,44,,,,,,,,,,,,,0.0,,,,,,,,,229.0,,,,,,,
138,51916_2361119_2312BI_3,,45,,,,,,,,,,,,,0.0,,,,,,,,,234.0,,,,,,,
139,51916_2361119_2312BI_3,,46,,,,,,,,,,,,,0.0,,,,,,,,,239.0,,,,,,,
140,51916_2361119_2312BI_3,,47,,,,,,,,,,,,,0.0,,,,,,,,,243.66666666666666,,,,,,,
141,51916_2361119_2312BI_3,,48,,,,,,,,,,,,,0.0,,,,,,,,,248.66666666666666,,,,,,,
142,51916_2361119_2312BI_3,,49,,,,,,,,,,,,,0.0,,,,,,,,,253.33333333333334,,,,,,,
143,51916_2361119_2312BI_3,,50,,,,,,,,,,,,,0.0,,,,,,,,,258.3333333333333,,,,,,,
144,51916_2361119_2312BI_3,,51,,,,,,,,,,,,,0.0,,,,,,,,,263.0,,,,,,,
145,51916_2361119_2312BI_3,,52,,,,,,,,,,,,,0.0,,,,,,,,,267.6666666666667,,,,,,,
146,51916_2361119_2312BI_3,,53,,,,,,,,,,,,,0.0,,,,,,,,,272.0,,,,,,,
147,51916_2361119_2312BI_3,,54,,,,,,,,,,,,,0.0,,,,,,,,,276.6666666666667,,,,,,,
148,51916_2361119_2312BI_3,,55,,,,,,,,,,,,,0.0,,,,,,,,,281.3333333333333,,,,,,,
149,51916_2361119_2312BI_3,,56,,,,,,,,,,,,,0.0,,,,,,,,,285.6666666666667,,,,,,,
150,51916_2361119_2312BI_3,,57,,,,,,,,,,,,,0.0,,,,,,,,,290.0,,,,,,,
151,51916_2361119_2312BI_3,,58,,,,,,,,,,,,,0.0,,,,,,,,,294.3333333333333,,,,,,,
152,51916_2361119_2312BI_3,,59,,,,,,,,,,,,,0.0,,,,,,,,,299.0,,,,,,,
153,51916_2361119_2312BI_3,,60,,,,,,,,,,,,,0.3333333333333333,,,,,,,,,303.0,,,,,,,
154,51916_37319_2312BJ_3,,12,,,,,,,,,,,,,0.0,,0.0,,,,,,,51.666666666666664,,51.666666666666664,,,,,
155,51916_37319_2312BJ_3,,13,,,,,,,,,,,,,0.0,,0.0,,,,,,,54.333333333333336,,54.333333333333336,,,,,
156,51916_37319_2312BJ_3,,14,,,,,,,,,,,,,0.0,,0.0,,,,,,,56.666666666666664,,56.666666666666664,,,,,
157,51916_37319_2312BJ_3,,15,,,,,,,,,,,,,0.0,,0.0,,,,,,,59.333333333333336,,59.333333333333336,,,,,
158,51916_37319_2312BJ_3,,16,,,,,,,,,,,,,0.0,,0.0,,,,,,,61.666666666666664,,61.666666666666664,,,,,
159,51916_37319_2312BJ_3,,17,,,,,,,,,,,,,0.0,,0.0,,,,,,,64.0,,64.0,,,,,
160,51916_37319_2312BJ_3,,18,,,,,,,,,,,,,0.0,,0.0,,,,,,,66.66666666666667,,66.66666666666667,,,,,
161,51916_37319_2312BJ_3,,19,,,,,,,,,,,,,0.0,,0.0,,,,,,,68.66666666666667,,68.66666666666667,,,,,
162,51916_37319_2312BJ_3,,20,,,,,,,,,,,,,0.0,,0.0,,,,,,,71.0,,71.0,,,,,
163,51916_37319_2312BJ_3,,21,,,,,,,,,,,,,0.0,,0.0,,,,,,,80.66666666666667,,80.66666666666667,,,,,
164,51916_37319_2312BJ_3,,22,,,,,,,,,,,,,0.0,,0.0,,,,,,,90.0,,90.0,,,,,
165,51916_37319_2312BJ_3,,23,,,,,,,,,,,,,0.0,,0.0,,,,,,,98.33333333333333,,98.33333333333333,,,,,
166,51916_37319_2312BJ_3,,24,,,,,,,,,,,,,0.0,,0.0,,,,,,,106.66666666666667,,106.66666666666667,,,,,
167,51916_37319_2312BJ_3,,25,,,,,,,,,,,,,0.0,,0.0,,,,,,,114.33333333333333,,114.33333333333333,,,,,
168,51916_37319_2312BJ_3,,26,,,,,,,,,,,,,0.0,,0.0,,,,,,,121.66666666666667,,121.66666666666667,,,,,
169,51916_37319_2312BJ_3,,27,,,,,,,,,,,,,0.0,,0.0,,,,,,,129.0,,129.0,,,,,
170,51916_37319_2312BJ_3,,28,,,,,,,,,,,,,0.0,,0.0,,,,,,,136.0,,136.0,,,,,
171,51916_37319_2312BJ_3,,29,,,,,,,,,,,,,0.0,,0.0,,,,,,,142.66666666666666,,142.66666666666666,,,,,
172,51916_37319_2312BJ_3,,30,,,,,,,,,,,,,0.0,,0.0,,,,,,,149.33333333333334,,149.33333333333334,,,,,
173,51916_37319_2312BJ_3,,31,,,,,,,,,,,,,0.0,,0.0,,,,,,,155.66666666666666,,155.66666666666666,,,,,
174,51916_37319_2312BJ_3,,32,,,,,,,,,,,,,0.0,,0.0,,,,,,,162.0,,162.0,,,,,
175,51916_37319_2312BJ_3,,33,,,,,,,,,,,,,0.0,,0.0,,,,,,,168.33333333333334,,168.33333333333334,,,,,
176,51916_37319_2312BJ_3,,34,,,,,,,,,,,,,0.0,,0.0,,,,,,,174.33333333333334,,174.33333333333334,,,,,
177,51916_37319_2312BJ_3,,35,,,,,,,,,,,,,0.0,,0.0,,,,,,,180.0,,180.0,,,,,
178,51916_37319_2312BJ_3,,36,,,,,,,,,,,,,0.0,,0.0,,,,,,,186.0,,186.0,,,,,
179,51916_37319_2312BJ_3,,37,,,,,,,,,,,,,0.0,,0.0,,,,,,,191.66666666666666,,191.66666666666666,,,,,
180,51916_37319_2312BJ_3,,38,,,,,,,,,,,,,0.0,,0.3333333333333333,,,,,,,197.33333333333334,,196.0,,,,,
181,51916_37319_2312CA_3,,12,,,,,,,,,,,,,0.0,,0.0,,,,,,,51.666666666666664,,51.666666666666664,,,,,
182,51916_37319_2312CA_3,,13,,,,,,,,,,,,,0.0,,0.0,,,,,,,54.333333333333336,,54.333333333333336,,,,,
183,51916_37319_2312CA_3,,14,,,,,,,,,,,,,0.0,,0.0,,,,,,,56.666666666666664,,56.666666666666664,,,,,
184,51916_37319_2312CA_3,,15,,,,,,,,,,,,,0.0,,0.0,,,,,,,59.333333333333336,,59.333333333333336,,,,,
185,51916_37319_2312CA_3,,16,,,,,,,,,,,,,0.0,,0.0,,,,,,,61.666666666666664,,61.666666666666664,,,,,
186,51916_37319_2312CA_3,,17,,,,,,,,,,,,,0.0,,0.0,,,,,,,64.0,,64.0,,,,,
187,51916_37319_2312CA_3,,18,,,,,,,,,,,,,0.0,,0.0,,,,,,,66.66666666666667,,66.66666666666667,,,,,
188,51916_37319_2312CA_3,,19,,,,,,,,,,,,,0.0,,0.0,,,,,,,68.66666666666667,,68.66666666666667,,,,,
189,51916_37319_2312CA_3,,20,,,,,,,,,,,,,0.0,,0.0,,,,,,,71.0,,71.0,,,,,
190,51916_37319_2312CA_3,,21,,,,,,,,,,,,,0.0,,0.0,,,,,,,80.66666666666667,,80.66666666666667,,,,,
191,51916_37319_2312CA_3,,22,,,,,,,,,,,,,0.0,,0.0,,,,,,,90.0,,90.0,,,,,
192,51916_37319_2312CA_3,,23,,,,,,,,,,,,,0.0,,0.0,,,,,,,98.33333333333333,,98.33333333333333,,,,,
193,51916_37319_2312CA_3,,24,,,,,,,,,,,,,0.0,,0.0,,,,,,,106.66666666666667,,106.66666666666667,,,,,
194,51916_37319_2312CA_3,,25,,,,,,,,,,,,,0.0,,0.0,,,,,,,114.33333333333333,,114.33333333333333,,,,,
195,51916_37319_2312CA_3,,26,,,,,,,,,,,,,0.0,,0.0,,,,,,,121.66666666666667,,121.66666666666667,,,,,
196,51916_37319_2312CA_3,,27,,,,,,,,,,,,,0.0,,0.0,,,,,,,129.0,,129.0,,,,,
197,51916_37319_2312CA_3,,28,,,,,,,,,,,,,0.0,,0.0,,,,,,,136.0,,136.0,,,,,
198,51916_37319_2312CA_3,,29,,,,,,,,,,,,,0.0,,0.0,,,,,,,142.66666666666666,,142.66666666666666,,,,,
199,51916_37319_2312CA_3,,30,,,,,,,,,,,,,0.0,,0.0,,,,,,,149.33333333333334,,149.33333333333334,,,,,
200,51916_37319_2312CA_3,,31,,,,,,,,,,,,,0.0,,0.0,,,,,,,155.66666666666666,,155.66666666666666,,,,,
201,51916_37319_2312CA_3,,32,,,,,,,,,,,,,0.0,,0.0,,,,,,,162.0,,162.0,,,,,
202,51916_37319_2312CA_3,,33,,,,,,,,,,,,,0.0,,0.0,,,,,,,168.33333333333334,,168.33333333333334,,,,,
203,51916_37319_2312CA_3,,34,,,,,,,,,,,,,0.0,,0.0,,,,,,,174.33333333333334,,174.33333333333334,,,,,
204,51916_37319_2312CA_3,,35,,,,,,,,,,,,,0.0,,0.0,,,,,,,180.0,,180.0,,,,,
205,51916_37319_2312CA_3,,36,,,,,,,,,,,,,0.0,,0.0,,,,,,,186.0,,186.0,,,,,
206,51916_37319_2312CA_3,,37,,,,,,,,,,,,,0.0,,0.0,,,,,,,191.66666666666666,,191.66666666666666,,,,,
207,51916_37319_2312CA_3,,38,,,,,,,,,,,,,0.0,,0.3333333333333333,,,,,,,197.33333333333334,,196.0,,,,,
208,51916_37319_2312CB_3,,12,,,,,,,,,,,,,0.0,,0.0,,,,,,,51.666666666666664,,51.666666666666664,,,,,
209,51916_37319_2312CB_3,,13,,,,,,,,,,,,,0.0,,0.0,,,,,,,54.333333333333336,,54.333333333333336,,,,,
210,51916_37319_2312CB_3,,14,,,,,,,,,,,,,0.0,,0.0,,,,,,,56.666666666666664,,56.666666666666664,,,,,
211,51916_37319_2312CB_3,,15,,,,,,,,,,,,,0.0,,0.0,,,,,,,59.333333333333336,,59.333333333333336,,,,,
212,51916_37319_2312CB_3,,16,,,,,,,,,,,,,0.0,,0.0,,,,,,,61.666666666666664,,61.666666666666664,,,,,
213,51916_37319_2312CB_3,,17,,,,,,,,,,,,,0.0,,0.0,,,,,,,64.0,,64.0,,,,,
214,51916_37319_2312CB_3,,18,,,,,,,,,,,,,0.0,,0.0,,,,,,,66.66666666666667,,66.66666666666667,,,,,
215,51916_37319_2312CB_3,,19,,,,,,,,,,,,,0.0,,0.0,,,,,,,68.66666666666667,,68.66666666666667,,,,,
216,51916_37319_2312CB_3,,20,,,,,,,,,,,,,0.0,,0.0,,,,,,,71.0,,71.0,,,,,
217,51916_37319_2312CB_3,,21,,,,,,,,,,,,,0.0,,0.0,,,,,,,80.66666666666667,,80.66666666666667,,,,,
218,51916_37319_2312CB_3,,22,,,,,,,,,,,,,0.0,,0.0,,,,,,,90.0,,90.0,,,,,
219,51916_37319_2312CB_3,,23,,,,,,,,,,,,,0.0,,0.0,,,,,,,98.33333333333333,,98.33333333333333,,,,,
220,51916_37319_2312CB_3,,24,,,,,,,,,,,,,0.0,,0.0,,,,,,,106.66666666666667,,106.66666666666667,,,,,
221,51916_37319_2312CB_3,,25,,,,,,,,,,,,,0.0,,0.0,,,,,,,114.33333333333333,,114.33333333333333,,,,,
222,51916_37319_2312CB_3,,26,,,,,,,,,,,,,0.0,,0.0,,,,,,,121.66666666666667,,121.66666666666667,,,,,
223,51916_37319_2312CB_3,,27,,,,,,,,,,,,,0.0,,0.0,,,,,,,129.0,,129.0,,,,,
224,51916_37319_2312CB_3,,28,,,,,,,,,,,,,0.0,,0.0,,,,,,,136.0,,136.0,,,,,
225,51916_37319_2312CB_3,,29,,,,,,,,,,,,,0.0,,0.0,,,,,,,142.66666666666666,,142.66666666666666,,,,,
226,51916_37319_2312CB_3,,30,,,,,,,,,,,,,0.0,,0.0,,,,,,,149.33333333333334,,149.33333333333334,,,,,
227,51916_37319_2312CB_3,,31,,,,,,,,,,,,,0.0,,0.0,,,,,,,155.66666666666666,,155.66666666666666,,,,,
228,51916_37319_2312CB_3,,32,,,,,,,,,,,,,0.0,,0.0,,,,,,,162.0,,162.0,,,,,
229,51916_37319_2312CB_3,,33,,,,,,,,,,,,,0.0,,0.0,,,,,,,168.33333333333334,,168.33333333333334,,,,,
230,51916_37319_2312CB_3,,34,,,,,,,,,,,,,0.0,,0.0,,,,,,,174.33333333333334,,174.33333333333334,,,,,
231,51916_37319_2312CB_3,,35,,,,,,,,,,,,,0.0,,0.0,,,,,,,180.0,,180.0,,,,,
232,51916_37319_2312CB_3,,36,,,,,,,,,,,,,0.0,,0.0,,,,,,,186.0,,186.0,,,,,
233,51916_37319_2312CB_3,,37,,,,,,,,,,,,,0.0,,0.0,,,,,,,191.66666666666666,,191.66666666666666,,,,,
234,51916_37319_2312CB_3,,38,,,,,,,,,,,,,0.0,,0.3333333333333333,,,,,,,197.33333333333334,,196.0,,,,,
235,51916_37319_2312CC_3,,12,,,,,,,,,,,,,0.0,,0.0,,,,,,,51.666666666666664,,51.666666666666664,,,,,
236,51916_37319_2312CC_3,,13,,,,,,,,,,,,,0.0,,0.0,,,,,,,54.333333333333336,,54.333333333333336,,,,,
237,51916_37319_2312CC_3,,14,,,,,,,,,,,,,0.0,,0.0,,,,,,,56.666666666666664,,56.666666666666664,,,,,
238,51916_37319_2312CC_3,,15,,,,,,,,,,,,,0.0,,0.0,,,,,,,59.333333333333336,,59.333333333333336,,,,,
239,51916_37319_2312CC_3,,16,,,,,,,,,,,,,0.0,,0.0,,,,,,,61.666666666666664,,61.666666666666664,,,,,
240,51916_37319_2312CC_3,,17,,,,,,,,,,,,,0.0,,0.0,,,,,,,64.0,,64.0,,,,,
241,51916_37319_2312CC_3,,18,,,,,,,,,,,,,0.0,,0.0,,,,,,,66.66666666666667,,66.66666666666667,,,,,
242,51916_37319_2312CC_3,,19,,,,,,,,,,,,,0.0,,0.0,,,,,,,68.66666666666667,,68.66666666666667,,,,,
243,51916_37319_2312CC_3,,20,,,,,,,,,,,,,0.0,,0.0,,,,,,,71.0,,71.0,,,,,
244,51916_37319_2312CC_3,,21,,,,,,,,,,,,,0.0,,0.0,,,,,,,80.66666666666667,,80.66666666666667,,,,,
245,51916_37319_2312CC_3,,22,,,,,,,,,,,,,0.0,,0.0,,,,,,,90.0,,90.0,,,,,
246,51916_37319_2312CC_3,,23,,,,,,,,,,,,,0.0,,0.0,,,,,,,98.33333333333333,,98.33333333333333,,,,,
247,51916_37319_2312CC_3,,24,,,,,,,,,,,,,0.0,,0.0,,,,,,,106.66666666666667,,106.66666666666667,,,,,
248,51916_37319_2312CC_3,,25,,,,,,,,,,,,,0.0,,0.0,,,,,,,114.33333333333333,,114.33333333333333,,,,,
249,51916_37319_2312CC_3,,26,,,,,,,,,,,,,0.0,,0.0,,,,,,,121.66666666666667,,121.66666666666667,,,,,
250,51916_37319_2312CC_3,,27,,,,,,,,,,,,,0.0,,0.0,,,,,,,129.0,,129.0,,,,,
251,51916_37319_2312CC_3,,28,,,,,,,,,,,,,0.0,,0.0,,,,,,,136.0,,136.0,,,,,
252,51916_37319_2312CC_3,,29,,,,,,,,,,,,,0.0,,0.0,,,,,,,142.66666666666666,,142.66666666666666,,,,,
253,51916_37319_2312CC_3,,30,,,,,,,,,,,,,0.0,,0.0,,,,,,,149.33333333333334,,149.33333333333334,,,,,
254,51916_37319_2312CC_3,,31,,,,,,,,,,,,,0.0,,0.0,,,,,,,155.66666666666666,,155.66666666666666,,,,,
255,51916_37319_2312CC_3,,32,,,,,,,,,,,,,0.0,,0.0,,,,,,,162.0,,162.0,,,,,
256,51916_37319_2312CC_3,,33,,,,,,,,,,,,,0.0,,0.0,,,,,,,168.33333333333334,,168.33333333333334,,,,,
257,51916_37319_2312CC_3,,34,,,,,,,,,,,,,0.0,,0.0,,,,,,,174.33333333333334,,174.33333333333334,,,,,
258,51916_37319_2312CC_3,,35,,,,,,,,,,,,,0.0,,0.0,,,,,,,180.0,,180.0,,,,,
259,51916_37319_2312CC_3,,36,,,,,,,,,,,,,0.0,,0.0,,,,,,,186.0,,186.0,,,,,
260,51916_37319_2312CC_3,,37,,,,,,,,,,,,,0.0,,0.0,,,,,,,191.66666666666666,,191.66666666666666,,,,,
261,51916_37319_2312CC_3,,38,,,,,,,,,,,,,0.0,,0.3333333333333333,,,,,,,197.33333333333334,,196.0,,,,,
262,51916_37319_2312CD_3,,11,,,,,,,,,,,,,0.0,,0.0,,,,,,,48.666666666666664,,48.666666666666664,,,,,
263,51916_37319_2312CD_3,,12,,,,,,,,,,,,,0.0,,0.0,,,,,,,51.666666666666664,,51.666666666666664,,,,,
264,51916_37319_2312CD_3,,13,,,,,,,,,,,,,0.0,,0.0,,,,,,,54.333333333333336,,54.333333333333336,,,,,
265,51916_37319_2312CD_3,,14,,,,,,,,,,,,,0.0,,0.0,,,,,,,56.666666666666664,,56.666666666666664,,,,,
266,51916_37319_2312CD_3,,15,,,,,,,,,,,,,0.0,,0.0,,,,,,,59.333333333333336,,59.333333333333336,,,,,
267,51916_37319_2312CD_3,,16,,,,,,,,,,,,,0.0,,0.0,,,,,,,61.666666666666664,,61.666666666666664,,,,,
268,51916_37319_2312CD_3,,17,,,,,,,,,,,,,0.0,,0.0,,,,,,,64.0,,64.0,,,,,
269,51916_37319_2312CD_3,,18,,,,,,,,,,,,,0.0,,0.0,,,,,,,66.66666666666667,,66.66666666666667,,,,,
270,51916_37319_2312CD_3,,19,,,,,,,,,,,,,0.0,,0.0,,,,,,,68.66666666666667,,68.66666666666667,,,,,
271,51916_37319_2312CD_3,,20,,,,,,,,,,,,,0.0,,0.0,,,,,,,71.0,,71.0,,,,,
272,51916_37319_2312CD_3,,21,,,,,,,,,,,,,0.0,,0.0,,,,,,,80.66666666666667,,80.66666666666667,,,,,
273,51916_37319_2312CD_3,,22,,,,,,,,,,,,,0.0,,0.0,,,,,,,90.0,,90.0,,,,,
274,51916_37319_2312CD_3,,23,,,,,,,,,,,,,0.0,,0.0,,,,,,,98.33333333333333,,98.33333333333333,,,,,
275,51916_37319_2312CD_3,,24,,,,,,,,,,,,,0.0,,0.0,,,,,,,106.66666666666667,,106.66666666666667,,,,,
276,51916_37319_2312CD_3,,25,,,,,,,,,,,,,0.0,,0.0,,,,,,,114.33333333333333,,114.33333333333333,,,,,
277,51916_37319_2312CD_3,,26,,,,,,,,,,,,,0.0,,0.0,,,,,,,121.66666666666667,,121.66666666666667,,,,,
278,51916_37319_2312CD_3,,27,,,,,,,,,,,,,0.0,,0.0,,,,,,,129.0,,129.0,,,,,
279,51916_37319_2312CD_3,,28,,,,,,,,,,,,,0.0,,0.0,,,,,,,136.0,,136.0,,,,,
280,51916_37319_2312CD_3,,29,,,,,,,,,,,,,0.0,,0.0,,,,,,,142.66666666666666,,142.66666666666666,,,,,
281,51916_37319_2312CD_3,,30,,,,,,,,,,,,,0.0,,0.0,,,,,,,149.33333333333334,,149.33333333333334,,,,,
282,51916_37319_2312CD_3,,31,,,,,,,,,,,,,0.0,,0.0,,,,,,,155.66666666666666,,155.66666666666666,,,,,
283,51916_37319_2312CD_3,,32,,,,,,,,,,,,,0.0,,0.0,,,,,,,162.0,,162.0,,,,,
284,51916_37319_2312CD_3,,33,,,,,,,,,,,,,0.0,,0.0,,,,,,,168.33333333333334,,168.33333333333334,,,,,
285,51916_37319_2312CD_3,,34,,,,,,,,,,,,,0.0,,0.0,,,,,,,174.33333333333334,,174.33333333333334,,,,,
286,51916_37319_2312CD_3,,35,,,,,,,,,,,,,0.0,,0.0,,,,,,,180.0,,180.0,,,,,
287,51916_37319_2312CD_3,,36,,,,,,,,,,,,,0.0,,0.0,,,,,,,186.0,,186.0,,,,,
288,51916_37319_2312CD_3,,37,,,,,,,,,,,,,0.0,,0.0,,,,,,,191.66666666666666,,191.66666666666666,,,,,
289,51916_37319_2312CD_3,,38,,,,,,,,,,,,,0.0,,0.3333333333333333,,,,,,,197.33333333333334,,196.0,,,,,
290,51916_2361119_2312BE_3,,12,,,,,,,,,,,,,0.0,,0.0,,,,,,,51.666666666666664,,51.666666666666664,,,,,
291,51916_2361119_2312BE_3,,13,,,,,,,,,,,,,0.0,,0.0,,,,,,,54.333333333333336,,54.333333333333336,,,,,
292,51916_2361119_2312BE_3,,14,,,,,,,,,,,,,0.0,,0.0,,,,,,,56.666666666666664,,56.666666666666664,,,,,
293,51916_2361119_2312BE_3,,15,,,,,,,,,,,,,0.0,,0.0,,,,,,,59.333333333333336,,59.333333333333336,,,,,
294,51916_2361119_2312BE_3,,16,,,,,,,,,,,,,0.0,,0.0,,,,,,,61.666666666666664,,61.666666666666664,,,,,
295,51916_2361119_2312BE_3,,17,,,,,,,,,,,,,0.0,,0.0,,,,,,,64.0,,64.0,,,,,
296,51916_2361119_2312BE_3,,18,,,,,,,,,,,,,0.0,,0.0,,,,,,,66.66666666666667,,66.66666666666667,,,,,
297,51916_2361119_2312BE_3,,19,,,,,,,,,,,,,0.0,,0.0,,,,,,,68.66666666666667,,68.66666666666667,,,,,
298,51916_2361119_2312BE_3,,20,,,,,,,,,,,,,0.0,,0.0,,,,,,,71.0,,71.0,,,,,
299,51916_2361119_2312BE_3,,21,,,,,,,,,,,,,0.0,,0.0,,,,,,,80.66666666666667,,80.66666666666667,,,,,
300,51916_2361119_2312BE_3,,22,,,,,,,,,,,,,0.0,,0.0,,,,,,,90.0,,90.0,,,,,
301,51916_2361119_2312BE_3,,23,,,,,,,,,,,,,0.0,,0.0,,,,,,,98.33333333333333,,98.33333333333333,,,,,
302,51916_2361119_2312BE_3,,24,,,,,,,,,,,,,0.0,,0.0,,,,,,,106.66666666666667,,106.66666666666667,,,,,
303,51916_2361119_2312BE_3,,25,,,,,,,,,,,,,0.0,,0.0,,,,,,,114.33333333333333,,114.33333333333333,,,,,
304,51916_2361119_2312BE_3,,26,,,,,,,,,,,,,0.0,,0.0,,,,,,,121.66666666666667,,121.66666666666667,,,,,
305,51916_2361119_2312BE_3,,27,,,,,,,,,,,,,0.0,,0.0,,,,,,,129.0,,129.0,,,,,
306,51916_2361119_2312BE_3,,28,,,,,,,,,,,,,0.0,,0.0,,,,,,,136.0,,136.0,,,,,
307,51916_2361119_2312BE_3,,29,,,,,,,,,,,,,0.0,,0.0,,,,,,,142.66666666666666,,142.66666666666666,,,,,
308,51916_2361119_2312BE_3,,30,,,,,,,,,,,,,0.0,,0.0,,,,,,,149.33333333333334,,149.33333333333334,,,,,
309,51916_2361119_2312BE_3,,31,,,,,,,,,,,,,0.0,,0.0,,,,,,,155.66666666666666,,155.66666666666666,,,,,
310,51916_2361119_2312BE_3,,32,,,,,,,,,,,,,0.0,,0.0,,,,,,,162.0,,162.0,,,,,
311,51916_2361119_2312BE_3,,33,,,,,,,,,,,,,0.0,,0.0,,,,,,,168.33333333333334,,168.33333333333334,,,,,
312,51916_2361119_2312BE_3,,34,,,,,,,,,,,,,0.0,,0.0,,,,,,,174.33333333333334,,174.33333333333334,,,,,
313,51916_2361119_2312BE_3,,35,,,,,,,,,,,,,0.0,,0.0,,,,,,,180.0,,180.0,,,,,
314,51916_2361119_2312BE_3,,36,,,,,,,,,,,,,0.0,,0.0,,,,,,,186.0,,186.0,,,,,
315,51916_2361119_2312BE_3,,37,,,,,,,,,,,,,0.0,,0.0,,,,,,,191.66666666666666,,191.66666666666666,,,,,
316,51916_2361119_2312BE_3,,38,,,,,,,,,,,,,0.0,,0.3333333333333333,,,,,,,197.33333333333334,,196.0,,,,,
317,51916_2361119_2312BI_3,,12,,,,,,,,,,,,,0.0,,0.0,,,,,,,51.666666666666664,,51.666666666666664,,,,,
318,51916_2361119_2312BI_3,,13,,,,,,,,,,,,,0.0,,0.0,,,,,,,54.333333333333336,,54.333333333333336,,,,,
319,51916_2361119_2312BI_3,,14,,,,,,,,,,,,,0.0,,0.0,,,,,,,56.666666666666664,,56.666666666666664,,,,,
320,51916_2361119_2312BI_3,,15,,,,,,,,,,,,,0.0,,0.0,,,,,,,59.333333333333336,,59.333333333333336,,,,,
321,51916_2361119_2312BI_3,,16,,,,,,,,,,,,,0.0,,0.0,,,,,,,61.666666666666664,,61.666666666666664,,,,,
322,51916_2361119_2312BI_3,,17,,,,,,,,,,,,,0.0,,0.0,,,,,,,64.0,,64.0,,,,,
323,51916_2361119_2312BI_3,,18,,,,,,,,,,,,,0.0,,0.0,,,,,,,66.66666666666667,,66.66666666666667,,,,,
324,51916_2361119_2312BI_3,,19,,,,,,,,,,,,,0.0,,0.0,,,,,,,68.66666666666667,,68.66666666666667,,,,,
325,51916_2361119_2312BI_3,,20,,,,,,,,,,,,,0.0,,0.0,,,,,,,71.0,,71.0,,,,,
326,51916_2361119_2312BI_3,,21,,,,,,,,,,,,,0.0,,0.0,,,,,,,80.66666666666667,,80.66666666666667,,,,,
327,51916_2361119_2312BI_3,,22,,,,,,,,,,,,,0.0,,0.0,,,,,,,90.0,,90.0,,,,,
328,51916_2361119_2312BI_3,,23,,,,,,,,,,,,,0.0,,0.0,,,,,,,98.33333333333333,,98.33333333333333,,,,,
329,51916_2361119_2312BI_3,,24,,,,,,,,,,,,,0.0,,0.0,,,,,,,106.66666666666667,,106.66666666666667,,,,,
330,51916_2361119_2312BI_3,,25,,,,,,,,,,,,,0.0,,0.0,,,,,,,114.33333333333333,,114.33333333333333,,,,,
331,51916_2361119_2312BI_3,,26,,,,,,,,,,,,,0.0,,0.0,,,,,,,121.66666666666667,,121.66666666666667,,,,,
332,51916_2361119_2312BI_3,,27,,,,,,,,,,,,,0.0,,0.0,,,,,,,129.0,,129.0,,,,,
333,51916_2361119_2312BI_3,,28,,,,,,,,,,,,,0.0,,0.0,,,,,,,136.0,,136.0,,,,,
334,51916_2361119_2312BI_3,,29,,,,,,,,,,,,,0.0,,0.0,,,,,,,142.66666666666666,,142.66666666666666,,,,,
335,51916_2361119_2312BI_3,,30,,,,,,,,,,,,,0.0,,0.0,,,,,,,149.33333333333334,,149.33333333333334,,,,,
336,51916_2361119_2312BI_3,,31,,,,,,,,,,,,,0.0,,0.0,,,,,,,155.66666666666666,,155.66666666666666,,,,,
337,51916_2361119_2312BI_3,,32,,,,,,,,,,,,,0.0,,0.0,,,,,,,162.0,,162.0,,,,,
338,51916_2361119_2312BI_3,,33,,,,,,,,,,,,,0.0,,0.0,,,,,,,168.33333333333334,,168.33333333333334,,,,,
339,51916_2361119_2312BI_3,,34,,,,,,,,,,,,,0.0,,0.0,,,,,,,174.33333333333334,,174.33333333333334,,,,,
340,51916_2361119_2312BI_3,,35,,,,,,,,,,,,,0.0,,0.0,,,,,,,180.0,,180.0,,,,,
341,51916_2361119_2312BI_3,,36,,,,,,,,,,,,,0.0,,0.0,,,,,,,186.0,,186.0,,,,,
342,51916_2361119_2312BI_3,,37,,,,,,,,,,,,,0.0,,0.0,,,,,,,191.66666666666666,,191.66666666666666,,,,,
343,51916_2361119_2312BI_3,,38,,,,,,,,,,,,,0.0,,0.3333333333333333,,,,,,,197.33333333333334,,196.0,,,,,
344,51916_37319_2312CD_3,,10,,,,9.666666666666666,55.333333333333336,,,0.0,,,55.333333333333336,,0.0,,0.0,,,,,163.33333333333334,565.6666666666666,46.0,,46.0,270.6666666666667,,,,
345,51916_2361119_2312BE_3,,9,,,,8.666666666666666,42.666666666666664,,,0.0,,,304.3333333333333,,0.0,,0.0,,,,,220.66666666666666,1366.6666666666667,43.0,,43.0,1189.6666666666667,,,,
346,51916_2361119_2312BE_3,,10,,,,,,,,0.0,,,175.33333333333334,,0.0,,0.0,,,,,246.33333333333334,1521.3333333333333,46.0,,46.0,1328.6666666666667,,,,
347,51916_2361119_2312BE_3,,11,,,,,,,,0.0,,,36.0,,0.0,,0.0,,,,,272.3333333333333,1581.3333333333333,48.666666666666664,,48.666666666666664,1468.0,,,,
348,51916_2361119_2312BI_3,,8,,,,8.0,46.666666666666664,,,0.0,,,318.3333333333333,,0.0,,0.0,,,,,653.6666666666666,854.3333333333334,40.0,,40.0,980.0,,,,
349,51916_2361119_2312BI_3,,9,,,,8.0,45.666666666666664,,,0.0,,,260.6666666666667,,0.0,,0.0,,,,,740.0,1044.6666666666667,43.0,,43.0,1109.6666666666667,,,,
350,51916_2361119_2312BI_3,,10,,,,7.666666666666667,44.666666666666664,,,0.0,,,187.0,,0.0,,0.0,,,,,826.6666666666666,1222.0,46.0,,46.0,1239.3333333333333,,,,
351,51916_2361119_2312BI_3,,11,,,,,,,,0.0,,,81.33333333333333,,0.0,,0.0,,,,,913.0,1304.0,48.666666666666664,,48.666666666666664,1369.0,,,,
352,51916_37319_2312BJ_3,,5,,,275.0,12.0,52.0,0.0,1169.6666666666667,0.0,674.6666666666666,39.666666666666664,884.6666666666666,1403.3333333333333,0.0,,0.0,,,,,643.0,370.3333333333333,29.666666666666668,,29.666666666666668,1169.6666666666667,,,,
353,51916_37319_2312BJ_3,,6,,,262.0,13.333333333333334,57.666666666666664,0.0,1380.0,0.0,635.6666666666666,41.333333333333336,788.0,1625.0,0.0,,0.0,,,,,759.0,431.6666666666667,33.333333333333336,,33.333333333333336,1380.0,,,,
354,51916_37319_2312BJ_3,,7,,,247.33333333333334,14.333333333333334,62.666666666666664,0.0,1590.6666666666667,0.0,593.6666666666666,43.0,680.3333333333334,1839.0,0.0,,0.0,,,,,874.6666666666666,493.3333333333333,36.666666666666664,,36.666666666666664,1590.6666666666667,,,,
355,51916_37319_2312BJ_3,,8,,,227.33333333333334,15.333333333333334,66.66666666666667,0.0,1799.0,0.0,541.3333333333334,44.333333333333336,558.6666666666666,2048.0,0.0,,0.0,,,,,989.3333333333334,558.6666666666666,40.0,,40.0,1799.0,,,,
356,51916_37319_2312BJ_3,,9,,,227.0,15.333333333333334,66.66666666666667,0.0,1801.0,0.0,540.6666666666666,44.333333333333336,557.0,2050.0,0.0,,0.0,,,,,990.6666666666666,559.3333333333334,43.0,,43.0,1801.0,,,,
357,51916_37319_2312BJ_3,,10,,,192.66666666666666,15.666666666666666,69.66666666666667,0.0,2011.6666666666667,0.0,460.6666666666667,44.333333333333336,408.3333333333333,2278.0,0.0,,0.0,,,,,1106.3333333333333,635.6666666666666,46.0,,46.0,2011.6666666666667,,,,
358,51916_37319_2312BJ_3,,11,,,23.0,16.333333333333332,71.33333333333333,0.0,2222.3333333333335,0.0,65.33333333333333,37.666666666666664,204.0,2941.6666666666665,0.0,,0.0,,,,,1222.0,719.0,48.666666666666664,,48.666666666666664,2222.3333333333335,,,,
359,51916_37319_2312CA_3,,6,,,513.0,9.0,45.666666666666664,0.0,633.6666666666666,0.0,1302.0,27.666666666666668,884.3333333333334,711.0,0.0,,0.0,,,,,117.33333333333333,555.0,33.333333333333336,,33.333333333333336,633.6666666666666,,,,
360,51916_37319_2312CA_3,,7,,,474.6666666666667,9.666666666666666,48.666666666666664,0.0,730.6666666666666,0.0,1197.3333333333333,28.666666666666668,756.6666666666666,810.0,0.0,,0.0,,,,,135.33333333333334,642.0,36.666666666666664,,36.666666666666664,730.6666666666666,,,,
361,51916_37319_2312CA_3,,8,,,452.6666666666667,9.666666666666666,49.666666666666664,0.0,778.3333333333334,0.0,1138.3333333333333,29.333333333333332,689.0,858.3333333333334,0.0,,0.0,,,,,144.33333333333334,689.0,40.0,,40.0,778.3333333333334,,,,
362,51916_37319_2312CA_3,,9,,,424.0,10.0,50.333333333333336,0.0,827.3333333333334,0.0,1063.3333333333333,29.333333333333332,613.3333333333334,906.3333333333334,0.0,,0.0,,,,,153.33333333333334,745.0,43.0,,43.0,827.3333333333334,,,,
363,51916_37319_2312CA_3,,10,,,357.0,10.0,51.0,0.0,924.0,0.0,893.6666666666666,29.333333333333332,440.0,1003.3333333333334,0.0,,0.0,,,,,171.0,867.3333333333334,46.0,,46.0,924.0,,,,
364,51916_37319_2312CA_3,,11,,,231.33333333333334,10.0,50.666666666666664,0.0,1020.6666666666666,0.0,598.0,27.333333333333332,204.0,1135.0,0.0,,0.0,,,,,189.0,1007.3333333333334,48.666666666666664,,48.666666666666664,1020.6666666666666,,,,
365,51916_37319_2312CB_3,,7,,,466.6666666666667,7.0,33.0,0.0,448.0,0.0,1319.6666666666667,20.0,492.0,516.6666666666666,0.0,,0.0,,,,,262.3333333333333,463.3333333333333,36.666666666666664,,36.666666666666664,448.0,,,,
366,51916_37319_2312CB_3,,8,,,465.6666666666667,7.0,33.333333333333336,0.0,458.6666666666667,0.0,1314.0,20.0,476.0,527.3333333333334,0.0,,0.0,,,,,268.6666666666667,476.0,40.0,,40.0,458.6666666666667,,,,
367,51916_37319_2312CB_3,,9,,,459.6666666666667,7.333333333333333,35.0,0.0,507.3333333333333,0.0,1284.0,21.0,399.0,573.0,0.0,,0.0,,,,,297.0,542.0,43.0,,43.0,507.3333333333333,,,,
368,51916_37319_2312CB_3,,10,,,452.0,7.666666666666667,37.0,0.0,566.6666666666666,0.0,1248.3333333333333,22.0,290.3333333333333,625.6666666666666,0.0,,0.0,,,,,331.6666666666667,630.0,46.0,,46.0,566.6666666666666,,,,
369,51916_37319_2312CB_3,,11,,,438.6666666666667,8.0,38.666666666666664,0.0,626.0,0.0,1202.3333333333333,22.666666666666668,137.66666666666666,671.0,0.0,,0.0,,,,,366.3333333333333,743.0,48.666666666666664,,48.666666666666664,626.0,,,,
370,51916_2361119_2312BE_3,,6,,,401.0,9.0,44.0,0.0,772.6666666666666,0.0,1009.0,26.0,712.3333333333334,853.3333333333334,0.0,,0.0,,,,,143.33333333333334,841.3333333333334,33.333333333333336,,33.333333333333336,772.6666666666666,,,,
371,51916_2361119_2312BE_3,,7,,,306.0,9.0,44.333333333333336,0.0,911.6666666666666,0.0,768.0,25.666666666666668,575.0,999.3333333333334,0.0,,0.0,,,,,169.0,1001.6666666666666,36.666666666666664,,36.666666666666664,911.6666666666666,,,,
372,51916_2361119_2312BE_3,,8,,,172.66666666666666,9.0,43.333333333333336,0.0,1050.6666666666667,0.0,437.6666666666667,24.333333333333332,438.6666666666667,1160.3333333333333,0.0,,0.0,,,,,194.66666666666666,1180.3333333333333,40.0,,40.0,1050.6666666666667,,,,
373,51916_37319_2312BJ_3,,0,0.0,1972.0,340.6666666666667,5.333333333333333,22.666666666666668,0.0,116.66666666666667,0.0,893.3333333333334,29.666666666666668,1273.3333333333333,154.33333333333334,0.0,0.0,0.0,0.0,2400.0,671.6666666666666,1333.3333333333333,64.33333333333333,263.6666666666667,0.0,558.6666666666666,0.0,116.66666666666667,41.666666666666664,1590.6666666666667,101.66666666666667,1919.6666666666667
374,51916_37319_2312BJ_3,,1,,,332.0,6.333333333333333,27.333333333333332,0.0,327.3333333333333,0.0,853.3333333333334,31.666666666666668,1204.3333333333333,421.6666666666667,0.0,,0.0,,,,,180.0,252.33333333333334,10.666666666666666,,10.666666666666666,327.3333333333333,227.33333333333334,1799.0,541.3333333333334,2048.0
375,51916_37319_2312BJ_3,,2,,,320.6666666666667,7.333333333333333,31.666666666666668,0.0,538.0,0.0,813.6666666666666,33.666666666666664,1132.0,680.3333333333334,0.0,,0.0,,,,,295.6666666666667,249.33333333333334,16.666666666666668,,16.666666666666668,538.0,229.33333333333334,1801.0,546.0,2049.3333333333335
376,51916_37319_2312BJ_3,,3,,,304.3333333333333,8.666666666666666,37.666666666666664,0.0,748.3333333333334,0.0,763.3333333333334,35.666666666666664,1055.0,930.3333333333334,0.0,,0.0,,,,,411.6666666666667,260.6666666666667,21.333333333333332,,21.333333333333332,748.3333333333334,440.3333333333333,2011.6666666666667,1033.0,2212.3333333333335
377,51916_37319_2312BJ_3,,4,,,289.0,10.333333333333334,45.333333333333336,0.0,959.0,0.0,717.0,37.666666666666664,973.0,1171.3333333333333,0.0,,0.0,,,,,527.3333333333334,311.6666666666667,25.666666666666668,,25.666666666666668,959.0,704.0,2222.3333333333335,1644.6666666666667,2370.6666666666665
378,51916_37319_2312CA_3,,0,0.0,801.3333333333334,630.0,4.0,20.0,0.0,53.666666666666664,0.0,1690.3333333333333,17.333333333333332,1459.0,65.0,0.0,0.0,0.0,0.0,991.6666666666666,851.3333333333334,425.0,9.666666666666666,243.0,0.0,689.0,0.0,53.666666666666664,160.66666666666666,633.6666666666666,409.6666666666667,729.3333333333334
379,51916_37319_2312CA_3,,1,,,617.6666666666666,4.666666666666667,23.666666666666668,0.0,150.33333333333334,0.0,1625.6666666666667,19.0,1379.6666666666667,178.33333333333334,0.0,,0.0,,,,,27.666666666666668,238.0,10.666666666666666,,10.666666666666666,150.33333333333334,353.3333333333333,730.6666666666666,892.3333333333334,814.3333333333334
380,51916_37319_2312CA_3,,2,,,599.3333333333334,5.666666666666667,28.666666666666668,0.0,247.0,0.0,1563.0,20.333333333333332,1293.0,289.3333333333333,0.0,,0.0,,,,,45.666666666666664,287.6666666666667,16.666666666666668,,16.666666666666668,247.0,452.6666666666667,778.3333333333334,1138.3333333333333,858.3333333333334
381,51916_37319_2312CA_3,,3,,,581.3333333333334,6.666666666666667,33.333333333333336,0.0,343.6666666666667,0.0,1505.6666666666667,22.333333333333332,1205.6666666666667,398.3333333333333,0.0,,0.0,,,,,63.666666666666664,348.0,21.333333333333332,,21.333333333333332,343.6666666666667,562.0,827.3333333333334,1406.3333333333333,904.6666666666666
382,51916_37319_2312CA_3,,4,,,562.6666666666666,7.333333333333333,37.666666666666664,0.0,440.3333333333333,0.0,1447.6666666666667,24.0,1106.6666666666667,505.0,0.0,,0.0,,,,,81.66666666666667,411.0,25.666666666666668,,25.666666666666668,440.3333333333333,803.3333333333334,924.0,1992.6666666666667,994.3333333333334
383,51916_37319_2312CA_3,,5,,,541.3333333333334,8.333333333333334,42.0,0.0,537.0,0.0,1383.0,26.0,1000.0,609.3333333333334,0.0,,0.0,,,,,99.33333333333333,479.0,29.666666666666668,,29.666666666666668,537.0,1117.6666666666667,1020.6666666666666,2757.0,1078.3333333333333
384,51916_37319_2312CB_3,,0,0.0,770.0,502.3333333333333,2.6666666666666665,12.333333333333334,0.0,32.666666666666664,0.0,1570.0,13.0,954.0,44.0,0.0,0.0,0.0,0.0,952.6666666666666,579.6666666666666,408.3333333333333,19.0,269.3333333333333,0.0,483.6666666666667,0.0,32.666666666666664,131.0,329.3333333333333,381.6666666666667,421.3333333333333
385,51916_37319_2312CB_3,,1,,,505.0,3.0,14.333333333333334,0.0,92.0,0.0,1529.3333333333333,14.0,898.6666666666666,118.66666666666667,0.0,,0.0,,,,,54.0,248.33333333333334,10.666666666666666,,10.666666666666666,92.0,280.0,388.6666666666667,803.0,459.6666666666667
386,51916_37319_2312CB_3,,2,,,499.0,3.6666666666666665,17.666666666666668,0.0,151.33333333333334,0.0,1489.6666666666667,15.0,841.3333333333334,191.0,0.0,,0.0,,,,,88.66666666666667,251.33333333333334,16.666666666666668,,16.666666666666668,151.33333333333334,436.3333333333333,448.0,1233.3333333333333,517.0
387,51916_37319_2312CB_3,,3,,,491.6666666666667,4.333333333333333,21.0,0.0,210.66666666666666,0.0,1451.3333333333333,15.666666666666666,779.6666666666666,261.3333333333333,0.0,,0.0,,,,,123.33333333333333,270.3333333333333,21.333333333333332,,21.333333333333332,210.66666666666666,465.6666666666667,458.6666666666667,1314.0,527.3333333333334
388,51916_37319_2312CB_3,,4,,,485.3333333333333,5.0,24.333333333333332,0.0,270.0,0.0,1417.0,16.666666666666668,714.3333333333334,329.0,0.0,,0.0,,,,,158.0,309.0,25.666666666666668,,25.666666666666668,270.0,605.6666666666666,507.3333333333333,1689.3333333333333,571.3333333333334
389,51916_37319_2312CB_3,,5,,,478.6666666666667,5.666666666666667,27.333333333333332,0.0,329.3333333333333,0.0,1383.6666666666667,17.666666666666668,649.6666666666666,394.6666666666667,0.0,,0.0,,,,,192.66666666666666,351.0,29.666666666666668,,29.666666666666668,329.3333333333333,797.6666666666666,566.6666666666666,2193.6666666666665,622.3333333333334
390,51916_37319_2312CB_3,,6,,,472.6666666666667,6.333333333333333,30.333333333333332,0.0,388.6666666666667,0.0,1351.0,18.666666666666668,574.6666666666666,457.0,0.0,,0.0,,,,,227.66666666666666,401.6666666666667,33.333333333333336,,33.333333333333336,388.6666666666667,1058.0,626.0,2866.6666666666665,667.0
391,51916_37319_2312CC_3,,0,356.6666666666667,605.6666666666666,1071.3333333333333,8.333333333333334,56.666666666666664,0.0,21.333333333333332,0.0,2998.3333333333335,35.666666666666664,386.3333333333333,26.666666666666668,0.0,0.0,0.0,386.6666666666667,966.6666666666666,12.666666666666666,16.666666666666668,9.666666666666666,308.6666666666667,0.0,245.66666666666666,0.0,21.333333333333332,994.0,21.333333333333332,2789.0,26.333333333333332
392,51916_37319_2312CC_3,,1,,,1134.3333333333333,8.666666666666666,59.0,0.0,59.666666666666664,0.0,3020.6666666666665,39.0,362.3333333333333,71.33333333333333,0.0,,0.0,,,,,27.666666666666668,230.66666666666666,10.666666666666666,,10.666666666666666,59.666666666666664,954.0,59.666666666666664,2552.0,71.66666666666667
393,51916_37319_2312CC_3,,2,,,1135.6666666666667,9.0,61.0,0.0,98.0,0.0,2977.6666666666665,40.666666666666664,337.3333333333333,115.33333333333333,0.0,,0.0,,,,,45.333333333333336,201.66666666666666,16.666666666666668,,16.666666666666668,98.0,939.3333333333334,98.0,2475.0,116.0
394,51916_37319_2312CC_3,,3,,,1118.6666666666667,9.333333333333334,63.0,0.0,136.33333333333334,0.0,2913.3333333333335,41.333333333333336,311.3333333333333,159.0,0.0,,0.0,,,,,63.333333333333336,200.0,21.333333333333332,,21.333333333333332,136.33333333333334,956.0,136.33333333333334,2500.3333333333335,159.66666666666666
395,51916_37319_2312CC_3,,4,,,1088.6666666666667,9.666666666666666,65.33333333333333,0.0,174.66666666666666,0.0,2828.3333333333335,42.0,283.6666666666667,202.33333333333334,0.0,,0.0,,,,,81.33333333333333,215.66666666666666,25.666666666666668,,25.666666666666668,174.66666666666666,990.6666666666666,174.66666666666666,2580.6666666666665,202.66666666666666
396,51916_37319_2312CC_3,,5,,,1052.0,10.0,67.33333333333333,0.0,213.0,0.0,2733.6666666666665,42.333333333333336,254.66666666666666,245.33333333333334,0.0,,0.0,,,,,99.0,238.0,29.666666666666668,,29.666666666666668,213.0,1027.6666666666667,213.0,2672.3333333333335,245.66666666666666
397,51916_37319_2312CC_3,,6,,,1040.3333333333333,10.0,68.0,0.0,224.66666666666666,0.0,2704.3333333333335,42.333333333333336,245.66666666666666,258.3333333333333,0.0,,0.0,,,,,104.33333333333333,245.66666666666666,33.333333333333336,,33.333333333333336,224.66666666666666,1039.6666666666667,224.66666666666666,2703.0,258.3333333333333
398,51916_37319_2312CC_3,,7,,,1010.0,10.333333333333334,69.66666666666667,0.0,251.33333333333334,0.0,2631.3333333333335,42.333333333333336,224.0,288.0,0.0,,0.0,,,,,117.0,267.0,36.666666666666664,,36.666666666666664,251.33333333333334,1070.0,251.33333333333334,2782.0,288.0
399,51916_37319_2312CC_3,,8,,,962.3333333333334,10.666666666666666,71.66666666666667,0.0,289.6666666666667,0.0,2522.6666666666665,42.333333333333336,190.66666666666666,330.6666666666667,0.0,,0.0,,,,,134.66666666666666,300.3333333333333,40.0,,40.0,289.6666666666667,1115.3333333333333,289.6666666666667,2904.0,329.6666666666667
400,51916_37319_2312CC_3,,9,,,878.3333333333334,10.666666666666666,73.33333333333333,0.0,328.0,0.0,2330.0,41.666666666666664,159.0,373.0,0.0,,0.0,,,,,152.66666666666666,339.0,43.0,,43.0,328.0,1160.0,328.0,3030.6666666666665,371.3333333333333
401,51916_37319_2312CC_3,,10,,,25.333333333333332,11.0,75.0,0.0,366.6666666666667,0.0,105.66666666666667,28.333333333333332,126.33333333333333,687.0,0.0,,0.0,,,,,170.33333333333334,382.6666666666667,46.0,,46.0,366.6666666666667,1207.0,366.6666666666667,3169.3333333333335,412.6666666666667
402,51916_37319_2312CC_3,,11,,,0.0,11.333333333333334,76.33333333333333,0.0,405.0,0.0,0.3333333333333333,14.0,63.0,1220.0,0.0,,0.0,,,,,188.33333333333334,436.6666666666667,48.666666666666664,,48.666666666666664,405.0,1297.6666666666667,405.0,3493.0,450.6666666666667
403,51916_37319_2312CD_3,,0,-2.6666666666666665,0.0,303.0,5.666666666666667,31.666666666666668,0.0,14.0,0.0,1238.6666666666667,14.333333333333334,291.3333333333333,25.666666666666668,0.0,0.0,0.0,-2.6666666666666665,0.0,-2.6666666666666665,0.0,8.333333333333334,612.3333333333334,0.0,363.6666666666667,0.0,14.0,736.3333333333334,14.0,2537.6666666666665,18.666666666666668
404,51916_37319_2312CD_3,,1,,,338.6666666666667,5.666666666666667,32.0,0.0,39.666666666666664,0.0,1245.6666666666667,17.0,284.3333333333333,64.0,0.0,,0.0,,,,,24.0,432.0,10.666666666666666,,10.666666666666666,39.666666666666664,549.3333333333334,39.666666666666664,1856.3333333333333,54.666666666666664
405,51916_37319_2312CD_3,,2,,,343.0,5.666666666666667,33.0,0.0,65.33333333333333,0.0,1235.0,18.666666666666668,276.3333333333333,102.66666666666667,0.0,,0.0,,,,,39.333333333333336,378.0,16.666666666666668,,16.666666666666668,65.33333333333333,493.3333333333333,65.33333333333333,1668.6666666666667,91.33333333333333
406,51916_37319_2312CD_3,,3,,,337.0,6.0,34.666666666666664,0.0,91.0,0.0,1212.3333333333333,19.666666666666668,266.0,142.66666666666666,0.0,,0.0,,,,,55.0,356.0,21.333333333333332,,21.333333333333332,91.0,474.6666666666667,91.0,1609.3333333333333,127.66666666666667
407,51916_37319_2312CD_3,,4,,,330.3333333333333,6.333333333333333,36.333333333333336,0.0,116.66666666666667,0.0,1179.3333333333333,21.0,272.0,181.66666666666666,0.0,,0.0,,,,,70.33333333333333,350.0,25.666666666666668,,25.666666666666668,116.66666666666667,451.0,116.66666666666667,1528.0,164.66666666666666
408,51916_37319_2312CD_3,,5,,,305.3333333333333,7.0,39.333333333333336,0.0,142.33333333333334,0.0,1116.3333333333333,22.0,254.0,226.33333333333334,0.0,,0.0,,,,,86.0,365.6666666666667,29.666666666666668,,29.666666666666668,142.33333333333334,486.3333333333333,142.33333333333334,1639.0,195.33333333333334
409,51916_37319_2312CD_3,,6,,,236.33333333333334,7.333333333333333,43.0,0.0,168.0,0.0,926.6666666666666,22.0,226.66666666666666,287.0,0.0,,0.0,,,,,101.33333333333333,389.3333333333333,33.333333333333336,,33.333333333333336,168.0,538.6666666666666,168.0,1811.0,222.66666666666666
410,51916_37319_2312CD_3,,7,,,5.333333333333333,8.0,46.333333333333336,0.0,193.66666666666666,0.0,29.666666666666668,18.333333333333332,195.33333333333334,468.0,0.0,,0.0,,,,,117.0,418.0,36.666666666666664,,36.666666666666664,193.66666666666666,598.0,193.66666666666666,2011.6666666666667,247.33333333333334
411,51916_37319_2312CD_3,,8,,,0.6666666666666666,8.666666666666666,49.666666666666664,0.0,219.33333333333334,0.0,5.333333333333333,16.666666666666668,158.66666666666666,604.6666666666666,0.0,,0.0,,,,,132.33333333333334,454.3333333333333,40.0,,40.0,219.33333333333334,665.0,219.33333333333334,2259.6666666666665,269.6666666666667
412,51916_37319_2312CD_3,,9,,,0.0,9.0,52.666666666666664,0.0,245.0,0.0,0.3333333333333333,14.0,114.66666666666667,841.3333333333334,0.0,,0.0,,,,,148.0,499.6666666666667,43.0,,43.0,245.0,745.3333333333334,245.0,2594.6666666666665,296.6666666666667
413,51916_2361119_2312BE_3,,0,1022.0,769.6666666666666,582.0,5.0,24.0,0.0,77.0,0.0,1543.6666666666667,15.666666666666666,1418.0,92.33333333333333,0.0,0.0,0.0,0.0,952.6666666666666,707.3333333333334,408.3333333333333,14.333333333333334,612.0,0.0,777.6666666666666,0.0,77.0,105.33333333333333,494.3333333333333,271.3333333333333,575.3333333333334
414,51916_2361119_2312BE_3,,1,,,558.6666666666666,5.666666666666667,27.666666666666668,0.0,216.33333333333334,0.0,1456.0,18.0,1277.3333333333333,252.66666666666666,0.0,,0.0,,,,,40.0,527.0,10.666666666666666,,10.666666666666666,216.33333333333334,319.0,633.3333333333334,809.6666666666666,712.3333333333334
415,51916_2361119_2312BE_3,,2,,,534.0,6.666666666666667,32.0,0.0,355.3333333333333,0.0,1376.3333333333333,20.0,1135.3333333333333,408.6666666666667,0.0,,0.0,,,,,65.66666666666667,546.0,16.666666666666668,,16.666666666666668,355.3333333333333,434.3333333333333,707.6666666666666,1096.6666666666667,785.6666666666666
416,51916_2361119_2312BE_3,,3,,,506.3333333333333,7.666666666666667,37.0,0.0,494.3333333333333,0.0,1293.0,22.666666666666668,993.3333333333334,560.3333333333334,0.0,,0.0,,,,,91.66666666666667,612.6666666666666,21.333333333333332,,21.333333333333332,494.3333333333333,534.3333333333334,772.6666666666666,1342.6666666666667,851.6666666666666
417,51916_2361119_2312BE_3,,4,,,466.0,8.666666666666666,41.666666666666664,0.0,633.3333333333334,0.0,1180.0,24.666666666666668,852.3333333333334,708.3333333333334,0.0,,0.0,,,,,117.33333333333333,711.3333333333334,25.666666666666668,,25.666666666666668,633.3333333333334,745.6666666666666,911.6666666666666,1858.0,990.6666666666666
418,51916_2361119_2312BE_3,,5,,,434.3333333333333,9.0,43.333333333333336,0.0,707.6666666666666,0.0,1096.6666666666667,25.333333333333332,777.6666666666666,785.6666666666666,0.0,,0.0,,,,,131.0,777.6666666666666,29.666666666666668,,29.666666666666668,707.6666666666666,951.3333333333334,1050.6666666666667,2355.0,1128.0
419,51916_2361119_2312BI_3,,0,689.0,938.0,519.6666666666666,4.0,21.666666666666668,0.0,72.0,0.0,1605.6666666666667,18.0,558.3333333333334,97.66666666666667,0.0,0.0,0.0,794.6666666666666,1194.3333333333333,420.3333333333333,555.3333333333334,48.0,298.3333333333333,0.0,453.6666666666667,0.0,72.0,152.33333333333334,72.0,507.0,121.33333333333333
420,51916_2361119_2312BI_3,,1,,,526.3333333333334,5.0,28.666666666666668,0.0,201.66666666666666,0.0,1603.6666666666667,22.333333333333332,540.0,268.3333333333333,0.0,,0.0,,,,,134.33333333333334,285.3333333333333,10.666666666666666,,10.666666666666666,201.66666666666666,165.33333333333334,201.66666666666666,539.0,328.3333333333333
421,51916_2361119_2312BI_3,,2,,,521.3333333333334,6.0,34.333333333333336,0.0,331.3333333333333,0.0,1583.6666666666667,26.0,531.0,439.0,0.0,,0.0,,,,,221.0,321.6666666666667,16.666666666666668,,16.666666666666668,331.3333333333333,230.0,331.3333333333333,733.0,508.3333333333333
422,51916_2361119_2312BI_3,,3,,,504.6666666666667,7.0,39.333333333333336,0.0,461.0,0.0,1535.0,28.0,494.6666666666667,609.0,0.0,,0.0,,,,,307.3333333333333,376.3333333333333,21.333333333333332,,21.333333333333332,461.0,338.3333333333333,461.0,1053.6666666666667,656.6666666666666
423,51916_2361119_2312BI_3,,4,,,458.3333333333333,7.666666666666667,43.333333333333336,0.0,590.6666666666666,0.0,1405.0,28.333333333333332,456.0,785.0,0.0,,0.0,,,,,394.0,449.0,25.666666666666668,,25.666666666666668,590.6666666666666,447.6666666666667,590.6666666666666,1374.6666666666667,788.6666666666666
424,51916_2361119_2312BI_3,,5,,,454.3333333333333,7.666666666666667,43.333333333333336,0.0,598.3333333333334,0.0,1394.0,28.333333333333332,453.6666666666667,796.0,0.0,,0.0,,,,,399.0,453.6666666666667,29.666666666666668,,29.666666666666668,598.3333333333334,454.0,598.3333333333334,1393.3333333333333,796.0
425,51916_2361119_2312BI_3,,6,,,350.6666666666667,8.0,45.666666666666664,0.0,720.3333333333334,0.0,1104.0,27.333333333333332,414.3333333333333,987.3333333333334,0.0,,0.0,,,,,480.6666666666667,544.6666666666666,33.333333333333336,,33.333333333333336,720.3333333333334,557.6666666666666,720.3333333333334,1696.3333333333333,917.3333333333334
426,51916_2361119_2312BI_3,,7,,,80.33333333333333,8.333333333333334,47.0,0.0,850.0,0.0,290.0,22.666666666666668,368.6666666666667,1348.3333333333333,0.0,,0.0,,,,,567.0,676.6666666666666,36.666666666666664,,36.666666666666664,850.0,669.0,850.0,2023.3333333333333,1066.3333333333333
